{
  "ADA": {
    "BTC": {
      "1": 0.8353333333333334,
      "5": 0.7506666666666667,
      "10": 0.6906666666666668,
      "15": 0.6443333333333333,
      "20": 0.6363333333333333
    },
    "ETH": {
      "1": 0.882,
      "5": 0.772,
      "10": 0.741,
      "15": 0.7263333333333334,
      "20": 0.6793333333333333
    },
    "USDC": {
      "1": 0.7553333333333333,
      "5": 0.6586666666666667,
      "10": 0.543,
      "15": 0.4846666666666667,
      "20": 0.46099999999999997
    },
    "AVAX": {
      "1": 0.8303333333333334,
      "5": 0.7396666666666667,
      "10": 0.676,
      "15": 0.6263333333333333,
      "20": 0.618
    }
  },
  "BTC": {
    "USDC": {
      "0": 0.9,
      "1": 0.7986666666666667,
      "5": 0.7290000000000001,
      "10": 0.6410000000000001,
      "15": 0.5970000000000001,
      "20": 0.5786666666666668
    },
    "ETH": {
      "0": 0.9,
      "1": 0.8866666666666667,
      "5": 0.804,
      "10": 0.7803333333333333,
      "15": 0.7693333333333333,
      "20": 0.732
    },
    "ADA": {
      "0": 0.9,
      "1": 0.8826666666666667,
      "5": 0.7766666666666667,
      "10": 0.7466666666666667,
      "15": 0.733,
      "20": 0.6866666666666668
    },
    "AVAX": {
      "0": 0.9,
      "1": 0.8296666666666667,
      "5": 0.738,
      "10": 0.6736666666666666,
      "15": 0.6236666666666667,
      "20": 0.6153333333333334
    }
  },
  "ETH": {
    "USDC": {
      "0": 0.9,
      "1": 0.7563333333333333,
      "5": 0.6596666666666667,
      "10": 0.5446666666666667,
      "15": 0.4866666666666667,
      "20": 0.46299999999999997
    },
    "BTC": {
      "0": 0.9,
      "1": 0.85,
      "5": 0.7833333333333333,
      "10": 0.735,
      "15": 0.6976666666666667,
      "20": 0.6916666666666667
    },
    "ADA": {
      "0": 0.9,
      "1": 0.8330000000000001,
      "5": 0.7453333333333333,
      "10": 0.6836666666666666,
      "15": 0.6353333333333334,
      "20": 0.6276666666666667
    },
    "AVAX": {
      "0": 0.9,
      "1": 0.8306666666666667,
      "5": 0.7403333333333334,
      "10": 0.677,
      "15": 0.6270000000000001,
      "20": 0.6190000000000001
    }
  },
  "AVAX": {
    "BTC": {
      "0": 0.9,
      "1": 0.7993333333333333,
      "5": 0.679,
      "10": 0.6150000000000001,
      "15": 0.559,
      "20": 0.5336666666666666
    },
    "ETH": {
      "0": 0.9,
      "1": 0.8306666666666667,
      "5": 0.74,
      "10": 0.6766666666666667,
      "15": 0.6270000000000001,
      "20": 0.6190000000000001
    },
    "USDC": {
      "0": 0.9,
      "1": 0.739,
      "5": 0.633,
      "10": 0.5086666666666667,
      "15": 0.44566666666666677,
      "20": 0.42033333333333334
    },
    "ADA": {
      "0": 0.9,
      "1": 0.8,
      "5": 0.681,
      "10": 0.6183333333333333,
      "15": 0.5623333333333335,
      "20": 0.5376666666666666
    }
  },
  "USDC": {
    "BTC": {
      "0": 0.9,
      "1": 0.8433333333333334,
      "5": 0.7533333333333333,
      "10": 0.6913333333333334,
      "15": 0.6396666666666667,
      "20": 0.6226666666666667
    },
    "ETH": {
      "0": 0.9,
      "1": 0.8623333333333334,
      "5": 0.7156666666666667,
      "10": 0.6863333333333334,
      "15": 0.6226666666666666,
      "20": 0.6043333333333333
    },
    "ADA": {
      "0": 0.9,
      "1": 0.862,
      "5": 0.715,
      "10": 0.6856666666666666,
      "15": 0.6213333333333334,
      "20": 0.6030000000000001
    },
    "AVAX": {
      "0": 0.9,
      "1": 0.8093333333333333,
      "5": 0.669,
      "10": 0.5793333333333334,
      "15": 0.5053333333333333,
      "20": 0.4833333333333333
    }
  }
}